age_bin,informal_care,formal_care,other_family_care,n_agents_total,n_agents_with_care_demand
40,0.0,0.0,0.0,499465,0
45,0.04477233994662208,0.0028477603781472075,0.020436750377825653,497584,33864
50,0.04348336175317018,0.006187635651623369,0.020140663021645598,494373,34513
55,0.026530578863863126,0.007761257503639367,0.013878665946971555,489096,23560
60,0.009154100274081098,0.005148139270715008,0.005156476338359891,479785,9336
65,0.0012469364988435148,0.001285701364092536,0.0008571342427283573,464338,1574
70,4.5449587317747155e-05,3.6359669854197727e-05,2.2724793658873577e-05,440048,46
75,0.0,0.0,0.0,83893,0
