age_bin,informal_care,formal_care,other_family_care,n_agents_total,n_agents_with_care_demand
40,0.0,0.0,0.0,499465,0
45,0.04362077558763947,0.0028256535579922184,0.021708897392199104,497584,33913
50,0.042287908117959516,0.006153248660424417,0.02153232478310911,494373,34593
55,0.026109393656869,0.007869620687963099,0.01480690907306541,489096,23861
60,0.00906030826307617,0.005118959533957919,0.005510801713267401,479785,9447
65,0.001212478840844385,0.0012813941568426447,0.0008528270354784661,464338,1554
70,4.5449587317747155e-05,3.181471112242301e-05,2.045231429298622e-05,440048,43
75,0.0,0.0,0.0,83893,0
