age_bin,informal_care,formal_care,other_family_care,n_agents_total,n_agents_with_care_demand
40,0.0,0.0,0.0,499465,0
45,0.03943856715650021,0.008060950512878227,0.02028200263674073,497584,33727
50,0.037874236659364485,0.011736077819783848,0.020257983344559676,494373,34541
55,0.02313860673569197,0.011457873300947054,0.013929780656558222,489096,23734
60,0.008274539637545984,0.0060735537792969765,0.005156476338359891,479785,9358
65,0.0010401905508487352,0.001389074338089926,0.0008635950536031942,464338,1529
70,4.3177107951859796e-05,3.408719048831037e-05,2.2724793658873577e-05,440048,44
75,0.0,0.0,0.0,83893,0
